Name,Team,Year,class_rank,1m_prequal,3m_prequal,1m Prelim Score,1M Consol Score,1M Final Score,3M Prelim Score,3M Consol Score,3M Final Score,international,qualify
Alexa Gonczi,Clarion,2025,SR,265.75,264.00,439.80,,441.40,482.85,,520.95,0,1
Luna Castellanos,Clarion,2025,JR,255.25,255.75,444.80,,476.75,492.95,,542.55,1,1
Colleen Hudson,Clarion,2025,SO,234.30,268.70,411.40,,456.50,447.90,,505.85,0,1
Taelyn Thomas,Clarion,2025,SO,231.30,230.15,408.70,,437.80,423.10,392.50,,0,1
Adriana Mieses Sanchez,West Florida,2025,JR,226.65,223.20,391.75,,432.55,407.00,421.25,,0,1
Aspen Warnygora,Minnesota Mankato,2025,SR,225.45,219.00,401.05,,426.10,417.45,439.20,,0,1
Alexis Lumaj,Uindy,2025,SR,222.50,223.60,371.20,394.25,,421.35,439.30,,0,1
Kaitlyn Madigan,Clarion,2025,JR,222.30,251.05,375.10,405.50,,453.85,,491.80,0,1
Madison Kooistra,Grand Valley,2025,SR,221.55,240.75,432.35,,441.65,451.70,,506.55,0,1
Avery Lommel,Augustana,2025,SO,221.00,217.90,373.60,415.75,,392.10,,,0,1
Abriella Werner,St. Cloud,2025,FR,220.75,211.35,331.75,,,332.50,,,0,1
Megan Sunderman,Uindy,2025,SO,219.05,233.70,370.00,381.05,,373.40,,,0,1
Riley Hunt,Ashland,2025,SO,217.05,197.10,322.00,,,403.70,421.25,,0,1
Kenya Meyer,Colorado Mesa,2025,JR,216.35,245.25,362.30,,,451.10,,478.05,0,1
Olivia Nelson,West Florida,2025,JR,214.95,208.00,382.95,380.60,,448.30,,487.45,0,1
Talia Datilio,Colorado Mesa,2025,SO,214.50,250.80,341.95,,,418.80,430.60,,0,1
Kalina Ceglinski,Northern Michigan,2025,SO,212.40,219.65,378.80,386.55,,444.20,,462.75,0,1
Kate Robbins,Augustana,2025,SR,208.55,227.80,359.20,,,356.30,,,0,1
Amelia Licht,Colorado Mesa,2025,JR,208.55,200.55,388.60,,388.10,393.15,,,0,1
Macy Polasek,Grand Valley,2025,SO,206.95,210.55,,,,,,,0,0
Emi Goto,Grand Valley,2025,SO,206.05,217.30,354.55,,,375.85,,,0,1
Natalie Freeman,Minnesota Mankato,2025,SO,205.75,199.55,,,,,,,0,0
Hilla Almog,Bentley,2025,SR,205.60,200.60,,,,,,,0,0
Caitlyn Greenwalt,Concordia St. Paul,2025,JR,204.60,235.95,366.90,362.05,,396.25,439.10,,0,1
Jenna Hurley,Colorado Mesa,2025,SO,199.25,206.05,,,,,,,0,0
Karlie Woodall,St. Cloud,2025,,199.20,198.70,,,,,,,0,0
Sidney Simmons,Roberts Wesleyan,2025,SO,198.80,181.15,,,,,,,0,0
Olivia Kutsche,Grand Valley,2025,FR,198.55,220.15,387.25,380.95,,419.70,432.90,,0,1
Cailey Mills,Saginaw Valley,2025,JR,195.95,185.80,,,,,,,0,0
Emma lence,Colorado Mesa,2025,FR,194.10,201.20,,,,,,,0,0
Claire Garrelts ,Drury,2025,FR,193.10,169.40,,,,,,,0,0
Julianna Holt,Colorado Mesa,2025,SO,191.15,215.75,,,,,,,0,0
Reagan Fulton,Delta State,2025,SR,190.30,166.00,,,,,,,0,0
Lorelai Carney,Biola,2025,SR,186.60,198.65,,,,,,,0,0
Alicia Viaches,Wayne State,2025,FR,185.25,210.40,,,,,,,0,0
Lauren Plockmeyer,Northern Michigan,2025,JR,179.00,177.65,,,,,,,0,0
Chloe Brown,Western Colorado,2025,5th,178.80,186.45,,,,,,,0,0
Alexandra Wallis,Western Colorado,2025,JR,175.50,173.80,,,,,,,0,0
Emma Dicob,Roberts Wesleyan,2025,JR,170.50,187.65,,,,,,,0,0
Allison Ferrer,Azuza Pacfic,2025,JR,165.65,185.15,,,,,,,0,0
Abigail Harned,Northern Michigan,2025,SR,160.15,194.90,,,,,,,0,0
Wen Wadsworth-Curcuru,Wayne State,2025,SO,158.40,173.60,,,,,,,0,0
Sarah Kerbrat,Uindy,2025,SR,154.35,174.05,,,,,,,0,0
Kathe Hepfer,Texas Basin Permian,2025,SR,152.20,180.25,,,,,,,0,0
Camilla Aguilar,Texas Basin Permian,2025,SR,142.85,180.45,,,,,,,0,0
Jenna Hurley,Colorado Mesa,2024,FR,,175.05,,,,,,,,
Alexa Gonczi,Clarion,2024,JR,281.45,244.00,461.10,,442.90,482.45,,505.00,0,1
Aspen Warnygora,Minnesota Mankato,2024,JR,252.35,219.00,401.05,,426.10,417.45,439.20,,0,1
Luna Castellanos,Clarion,2024,SO,249.75,279.30,426.95,,420.55,479.35,,471.75,1,1
Hilla Almog,Bentley,2024,JR,249.70,215.90,356.95,,,390.20,349.50,,0,1
Madison Kooistra,Grand Valley,2024,JR,246.15,269.05,431.15,,463.95,419.25,451.80,,0,1
Mikaela Senkus,Wayne State,2024,SR,241.35,255.65,408.90,,451.20,480.95,,498.95,0,1
Kaitlyn Madigan,Clarion,2024,SO,233.65,231.00,392.60,,416.40,423.95,,418.50,0,1
Natalie Freeman,Minnesota Mankato,2024,FR,232.65,174.50,369.90,374.65,,323.15,,,0,1
Tayler Graham,West Florida,2024,FR,232.60,206.45,379.80,423.20,,416.30,371.35,,0,1
Alexis Lumaj,Uindy,2024,JR,230.10,193.65,389.90,388.40,,419.65,,410.20,0,1
Adriana Mieses Sanchez,West Florida,2024,SO,229.40,232.55,392.75,,419.45,383.45,408.10,,0,1
Taya Schmidt,Delta State,2024,FR,228.90,182.65,390.00,,398.90,366.75,,,0,1
Kailey Fossell,St. Cloud,2024,SR,226.55,164.45,336.45,,,364.25,,,0,1
Caroline Knopke,Rockhurst,2024,SR,226.35,,320.75,,,,,,0,1
Avery Lommel,Augustana,2024,FR,223.70,204.65,373.40,417.25,,439.25,,435.55,0,1
Caitlyn Greenwalt,Concordia St. Paul,2024,SO,222.90,185.85,,,,,,,0,0
Abigail Harned,Northern Michigan,2024,JR,222.50,181.50,,,,,,,0,0
Wen Wadsworth-Curcuru,Wayne State,2024,FR,221.60,157.35,,,,,,,0,0
Colleen Hudson,Clarion,2024,FR,216.90,223.05,374.65,393.05,,449.75,,415.75,0,1
Riley Hunt,Ashland,2024,FR,216.40,195.10,,,,,,,0,0
Yasmin Nachmias,Minnesota Mankato,2024,JR,214.95,151.30,,,,,,,0,0
Andrea Menard Cordoba,McKendree,2024,5th,212.95,214.40,359.80,,,400.50,387.10,,0,1
Amelia Licht,Colorado Mesa,2024,SO,212.35,216.45,323.05,,,362.75,,,0,1
Sadie Huizenga,Grand Valley,2024,FR,212.10,209.15,,,,,,,0,0
Sydney Hanson,Minnesota Mankato,2024,JR,208.60,214.45,374.75,389.10,,382.80,364.50,,0,1
Carissa Wooley,Grand Valley,2024,SR,202.55,184.65,,,,,,,0,0
Jade Fontenelle,West Florida,2024,SO,198.85,220.10,360.40,,412.00,394.45,,,0,1
Kalina Ceglinski,Northern Michigan,2024,FR,195.35,179.70,,,,,,,0,0
Allison Ferrer,Azuza Pacfic,2024,SO,195.05,155.10,,,,,,,0,0
Isabella Reyes,Pace,2024,SO,194.75,207.60,,,,,,,0,0
Sidney Simmons,Roberts Wesleyan,2024,FR,192.15,,,,,,,,0,0
Kaylee Smith,Saginaw Valley,2024,SO,192.15,191.90,,,,,,,0,0
Samantha Plough,Grand Valley,2024,SO,191.90,192.35,,,,,,,0,0
Olivia Nelson,West Florida,2024,SO,191.75,220.75,409.90,,426.55,423.55,,415.20,0,1
Lorelai Carney,Biola,2024,JR,188.05,199.90,,,,,,,0,0
Gabriela McDougall,West Florida,2024,SO,187.25,172.30,,,,,,,0,0
Jordan Swanson,Staten Island,2024,JR,187.10,160.75,,,,,,,0,0
Kenya Meyer,Colorado Mesa,2024,SO,185.65,211.20,,,,,,,0,0
Jenna Elizarraras,Minnesota Mankato,2024,SO,185.35,181.15,,,,,,,0,0
Jessica McEachern,Grand Valley,2024,SR,182.35,199.80,,,,,,,0,0
Daeges Morgan,Uindy,2024,FR,176.40,,,,,,,,0,0
Megan Sunderman,Uindy,2024,FR,175.65,170.20,,,,,,,0,0
Lauren Plockmeyer,Northern Michigan,2024,SO,170.80,168.10,,,,,,,0,0
Kyla Miller,Gannon,2024,SR,168.25,,,,,,,,0,0
Reagan Fulton,Delta State,2024,JR,168.00,180.65,,,,,,,,0
Ally Hrncir,Colorado Mesa,2024,FR,154.25,213.70,378.15,394.50,,356.80,,,0,1
Cailey Mills,Saginaw Valley,2024,SO,149.95,178.90,,,,,,,0,0
Madeline Whitticar,Ashland,2024,SO,145.00,144.70,,,,,,,0,0
Eliana Cote,Biola,2024,SR,143.60,148.40,,,,,,,0,0
Mikaela Starr,Uindy,2023,SR,265.25,264.25,408.85,,433.55,422.10,,410.60,1,1
Luna Castellanos,Clarion,2023,FR,259.80,277.65,443.55,,473.55,442.60,,484.60,1,1
Regan Gubera,McKendree,2023,JR,255.70,256.75,416.65,,398.65,430.80,,444.75,0,1
Gracyn Segard,Grand Valley,2023,SR,252.30,234.65,430.95,,444.00,377.20,,,0,1
Mikaela Senkus,Wayne State,2023,JR,248.05,293.40,452.90,,470.95,445.70,,479.70,0,1
Jade Fontenelle,West Florida,2023,FR,242.90,210.90,395.45,404.00,,411.15,387.00,,0,1
Alexis Lumaj,Uindy,2023,SO,242.65,224.65,402.65,424.65,,386.80,409.45,,0,1
Daniela Reyes,West Florida,2023,SR,241.00,251.70,452.25,,468.85,425.25,,419.55,1,1
Michelle Mejia,West Florida,2023,JR,237.75,244.35,401.15,395.10,,404.10,411.70,,1,1
Anna Vogt,Clarion,2023,SR,236.55,238.15,398.25,397.45,,402.70,403.35,,0,1
Alexa Gonczi,Clarion,2023,SO,235.05,267.80,377.85,,,401.60,437.55,,0,1
Olivia Liddle,Azuza Pacfic,2023,FR,231.40,205.85,424.80,,412.30,407.55,395.55,,0,1
Madison Kooistra,Grand Valley,2023,SO,228.75,288.45,403.10,446.40,,441.70,,475.90,0,1
Kyra Apodaca,Colorado Mesa,2023,SO,223.65,268.15,400.20,380.25,,405.50,422.60,,0,1
Emily Bolt,Davenport,2023,SR,223.15,205.60,385.80,378.55,,353.00,,,0,1
Meredith matchinsky,St. Cloud,2023,SR,222.20,269.35,378.75,,,418.70,,443.95,0,1
Adriana Mieses Sanchez,West Florida,2023,FR,221.70,223.65,425.90,,421.35,383.00,,,0,1
Olivia Nelson,West Florida,2023,FR,221.40,261.50,401.85,376.80,,414.55,,429.00,0,1
Nicole Carlson,Grand Valley,2023,5th,220.95,237.30,370.65,,,369.00,,,0,1
Jessica McEachern,Grand Valley,2023,JR,220.60,238.95,361.85,,,371.40,,,0,1
Aspen Warnygora,Minnesota Mankato,2023,SO,216.90,247.55,353.35,,,379.95,,,0,1
Sydney Hanson,Minnesota Mankato,2023,SO,213.90,224.95,,,,,,,0,0
Reagan Fulton,Delta State,2023,SO,211.15,220.80,,,,,,,0,0
Ayla Taylor,Minnesota Mankato,2023,SR,204.55,224.50,,,,,,,0,0
Taylor Seibert,McKendree,2023,FR,202.15,191.25,,,,,,,0,0
Isabella Reyes,Pace,2023,FR,199.40,217.00,,,,,,,0,0
Lacey Mirandette,Davenport,2023,SR,199.00,182.25,,,,,,,0,0
Lexis Mirandette,Davenport,2023,SR,194.35,232.20,337.30,,,398.30,392.70,,0,1
Carissa Wooley,Grand Valley,2023,JR,192.30,212.70,,,,,,,0,0
Kenya meyer,Colorado Mesa,2023,FR,190.75,226.30,,,,,,,0,0
Andrea Menard Cordoba,McKendree,2023,SR,190.35,204.55,,,,,,,0,0
Allison Brownlee,IUP,2023,SR,188.15,,,,,,,,0,0
Adelaide Spencer,Saginaw Valley,2023,SR,187.70,170.00,,,,,,,0,0
Hilla Almog,Bentley,2023,SO,175.75,227.75,,,,,,,0,0
Megan Black,Delta State,2023,JR,171.55,164.10,,,,,,,0,0
Kathe Hepfer,Texas Basin Permian,2023,SO,164.55,204.25,,,,,,,0,0
Alexandra Wallis,Western Colorado,2023,FR,148.60,,,,,,,,0,0
Lacie Long,Henderson,2023,FR,146.80,,,,,,,,0,0
Meredith Clabaugh,Western Colorado,2023,FR,120.10,,,,,,,,0,0
Gracyn Segard,Grand Valley,2022,JR,250.30,236.85,433.35,,459.75,432.55,,450.25,0,1
Madison Brinkman,St. Cloud,2022,5th,232.80,249.30,402.25,,427.90,455.30,,480.55,0,1
Mikaela Senkus,Wayne State,2022,SO,230.25,249.65,405.85,,433.30,397.30,,,0,1
Ali lange,Colorado Mesa,2022,SR,230.20,242.20,395.30,,,399.70,,,0,1
Alexis Lumaj,Uindy,2022,FR,224.40,221.55,393.00,,,377.00,,,0,1
Daniela Reyes,West Florida,2022,JR,221.50,228.65,397.35,,,424.70,,423.30,1,1
Kyra Apodaca,Colorado Mesa,2022,FR,217.70,239.60,385.05,,,401.50,,,0,1
Alexa Gonczi,Clarion,2022,FR,217.05,211.65,352.95,,,388.40,,,0,1
Melia Stout,Azuza Pacfic,2022,JR,216.50,238.45,400.25,,408.60,384.25,,,0,1
Marissa Woida,Wayne State,2022,JR,216.25,236.10,376.25,,,370.50,,,0,1
Kamila Podsiadlo,Uindy,2022,FR,213.50,255.10,367.75,,,421.05,,465.95,0,1
Michelle Mejia,West Florida,2022,SO,212.45,,365.65,,,,,,1,1
Kelsey DeJesus,West Florida,2022,JR,211.90,247.40,415.35,,434.50,449.65,,463.60,0,1
Sydney Hanson,Minnesota Mankato,2022,FR,211.65,235.60,385.25,,,372.55,,,0,1
Mikaela Starr,Uindy,2022,JR,211.10,280.85,366.30,,,424.10,,426.40,1,1
Amy Crayne,Azuza Pacfic,2022,SR,210.95,236.40,405.95,,422.85,387.15,,,0,1
Aspen Warnygora,Minnesota Mankato,2022,FR,209.75,238.80,328.30,,,144.25,,,0,1
Anna Vogt,Clarion,2022,JR,209.00,245.90,395.95,,,369.55,,,0,1
Jolynn Harris,Colorado Mesa,2022,SR,205.25,249.20,399.00,,417.95,403.90,,405.95,0,1
Annaliesa Anderson,St. Cloud,2022,5th,202.45,228.50,,,,,,,0,0
Meredith matchinsky,St. Cloud,2022,JR,201.80,227.10,,,,,,,0,0
Elizabeth Caird,Saginaw Valley,2022,5th,200.60,241.95,385.20,,,394.50,,,0,1
Katie Werkema,Lindenwood,2022,SR,200.35,206.10,,,,,,,0,0
Nicole Carlson,Grand Valley,2022,SR,197.75,215.75,,,,,,,0,0
Regan Gubera,McKendree,2022,SO,196.55,242.50,398.60,,418.60,414.50,,435.90,0,1
Madison Kooistra,Grand Valley,2022,FR,196.25,203.70,,,,,,,0,0
Mary Huminski,Bentley,2022,JR,194.20,193.10,,,,,,,0,0
Lilia Deoliveirapelaez,McKendree,2022,SR,191.55,203.25,,,,,,,1,0
Hilla Almog,Bentley,2022,FR,189.15,146.30,,,,,,,0,0
Kathe Hepfer,Texas Basin Permian,2022,FR,187.85,203.50,,,,,,,0,0
Ayla Taylor,Minnesota Mankato,2022,JR,187.30,206.55,,,,,,,0,0
Taylor Seilheimer,Lindenwood,2022,SR,187.00,184.00,,,,,,,0,0
Lacey Mirandette,Davenport,2022,JR,184.95,181.10,,,,,,,0,0
Kailey Fossell,St. Cloud,2022,SO,183.85,189.35,,,,,,,0,0
Abigail harned,Northern Michigan,2022,FR,182.30,232.75,375.70,,,362.00,,,0,1
Adelaide Spencer,Saginaw Valley,2022,JR,180.90,144.40,,,,,,,0,0
Hannah Babcock,Delta State,2022,FR,179.25,169.85,,,,,,,0,0
Jessica McEachern,Grand Valley,2022,SO,179.25,221.30,,,,,,,0,0
Marissa Stahl,Colorado Mesa,2022,SO,177.90,193.10,,,,,,,0,0
Gillian Pratt,Delta State,2022,SR,176.40,181.45,,,,,,,0,0
Lexis Mirandette,Davenport,2022,JR,176.15,206.40,,,,,,,0,0
Carissa Wooley,Grand Valley,2022,SO,175.10,203.65,,,,,,,0,0
Addison Fleischman,Findley,2022,FR,172.25,211.95,,,,,,,0,0
Sklyer Nenadich,Adelphi,2022,JR,168.45,,,,,,,,0,0
Allison Drownlee,IUP,2022,JR,164.05,,,,,,,,0,0
Emily Bolt,Davenport,2022,JR,161.30,189.75,,,,,,,0,0
Chloe Pearson,Lindenwood,2022,SO,147.20,150.20,,,,,,,0,0
Andrea Menard Cordoba,McKendree,2022,JR,136.85,159.90,,,,,,,0,0
Sarah Mortenson,Western Colorado,2022,SR,107.95,186.35,,,,,,,0,0
Gracyn Segard,Grand Valley,2021,SO,283.00,263.70,448.35,,,474.00,,487.15,0,1
Mikaela Starr,Uindy,2021,SO,261.50,219.85,392.45,,,428.50,,444.40,1,1
Kelsey DeJesus,West Florida,2021,SO,250.75,236.00,429.70,,,450.65,,470.70,0,1
Katie Werkema,Lindenwood,2021,JR,250.15,199.75,401.70,,,424.10,,422.00,0,1
Allyson Schafer,Grand Valley,2021,JR,245.30,197.45,437.00,,,407.55,,,0,1
Elizabeth Caird,Saginaw Valley,2021,SR,245.30,206.35,412.00,,,415.25,,,0,1
Madison Brinkman,St. Cloud,2021,SR,244.85,223.80,394.45,,,443.10,,485.50,0,1
Jolynn Harris,Colorado Mesa,2021,JR,244.20,145.25,448.30,,,415.85,,,0,1
Mikaela Senkus,Wayne State,2021,FR,238.85,168.75,370.10,,,423.10,,,0,1
Eleanor Christie,Lindenwood,2021,JR,235.15,243.85,420.60,,,421.10,,,0,1
River Baird,Northern Michigan,2021,SO,234.85,210.20,418.25,,,442.20,,458.40,0,1
Ali lange,Colorado Mesa,2021,JR,232.80,215.20,,,,,,,0,0
Jesstina Farrell,West Florida,2021,SR,232.70,221.65,392.20,,,408.60,,,0,1
Lilia Deoliveirapelaez,McKendree,2021,JR,232.50,166.65,,,,,,,1,0
Meredith matchinsky,St. Cloud,2021,SO,230.70,207.95,,,,,,,0,0
Ayla Taylor,Minnesota Mankato,2021,SO,230.50,190.00,,,,,,,0,0
Gillian Pratt,Delta State,2021,JR,224.25,213.20,,,,,,,0,0
Amanda Hurchalla,Wayne State,2021,SR,223.25,214.25,,,,,,,0,0
Daniela Reyes,West Florida,2021,SO,221.85,227.55,419.35,,,408.00,,,1,1
Nicole Carlson,Grand Valley,2021,JR,220.40,217.10,386.40,,,388.25,,,0,1
Annaliesa Anderson,St. Cloud,2021,SR,219.10,141.30,,,,,,,0,0
Cassidy Wright,Oklahoma Baptist,2021,SR,219.00,160.70,,,,,,,0,0
Emily Bolt,Davenport,2021,SO,216.50,187.20,,,,,,,0,0
Megan LaFollette,Saginaw Valley,2021,SR,216.30,180.40,,,,,,,0,0
Taylor Terfehr,Minnesota Mankato,2021,JR,215.30,187.40,,,,,,,0,0
Alyssa Doherty,St. Cloud,2021,SR,215.05,222.40,386.30,,,444.20,,421.50,0,0
Michelle Mejia,West Florida,2021,FR,210.00,176.50,,,,,,,1,1
Regan Gubera,McKendree,2021,FR,208.80,202.35,,,,,,,0,0
Lexis Mirandette,Davenport,2021,SO,208.25,205.30,,,,,,,0,0
Carissa Wooley,Grand Valley,2021,FR,203.05,188.95,,,,,,,0,0
Nicole Taormina,Grand Valley,2021,SR,200.75,229.05,432.70,,,462.30,,468.05,0,1
Taylor Seilheimer,Lindenwood,2021,JR,195.80,160.35,,,,,,,0,0
Natalya Skye Dahlke,Colorado Mesa,2021,SR,195.60,190.80,,,,,,,0,0
Kaylee Eakman,Colorado Mesa,2021,SR,189.95,176.00,,,,,,,0,0
Chloe Peason,Lindenwood,2021,FR,189.75,141.65,,,,,,,0,0
Lacey Mirandette,Davenport,2021,SO,169.15,164.45,,,,,,,0,0
Jessica McEachern,Grand Valley,2021,FR,160.90,164.25,,,,,,,0,0
Cassandra Kury,Uindy,2020,JR,277.15,233.30,,,,469.30,,445.95,0,1
Nicole Taormina,Grand Valley,2020,JR,264.80,227.10,,,,363.45,,,0,1
Ali lange,Colorado Mesa,2020,SO,262.70,189.00,,,,369.35,,,0,1
Meredith matchinsky,St. Cloud,2020,FR,257.50,223.50,,,,398.00,,,0,1
Mikayla Karasek,Grand Valley,2020,SR,255.85,270.25,,,,416.60,,473.50,0,1
Amy Crayne,Azuza Pacfic,2020,SO,251.10,232.75,,,,413.05,,422.95,0,1
rebekah Horejsi,St. Cloud,2020,SR,247.65,227.75,,,,409.85,,,0,1
River Baird,Northern Michigan,2020,FR,247.50,242.95,,,,433.80,,423.95,0,1
Mikaela Starr,Uindy,2020,FR,246.05,,,,,N/A,,,1,1
Kelsey DeJesus,West Florida,2020,FR,244.95,228.95,,,,436.05,,407.70,0,1
Eleanor Christie,Lindenwood,2020,SO,244.90,199.70,,,,390.75,,,0,1
Katie Werkema,Lindenwood,2020,SO,244.60,201.20,,,,351.30,,,0,1
Elizabeth Caird,Saginaw Valley,2020,JR,242.85,245.55,,,,362.65,,,0,1
Daniela Reyes,West Florida,2020,FR,242.60,241.25,,,,329.45,,,1,1
Melia Stout,Azuza Pacfic,2020,SO,240.90,224.70,,,,382.75,,,0,1
Madison Brinkman,St. Cloud,2020,JR,239.35,230.95,,,,414.05,,386.45,0,1
Anna Vogt,Clarion,2020,FR,236.75,232.15,,,,349.35,,,0,1
Allyson Schafer,Azuza Pacfic,2020,JR,236.70,200.80,,,,380.30,,,0,1
McKenna Webster,Grand Valley,2020,SO,236.70,226.15,,,,389.10,,,0,1
Emma Kehn,Clarion,2020,SR,236.35,237.40,,,,416.10,,428.75,0,1
Jolynn Harris,Colorado Mesa,2020,SO,234.95,202.45,,,,,,,0,0
Amanda Hurchalla,Wayne State,2020,JR,234.70,253.35,,,,423.30,,432.10,0,1
Lexis Mirandette,Davenport,2020,FR,231.60,209.05,,,,,,,0,0
Brittany Dixon,Colorado Mesa,2020,SR,230.35,200.45,,,,,,,0,0
Nicole Carlson,Grand Valley,2020,SO,227.85,188.15,,,,,,,0,0
Cassidy Wright,Oklahoma Baptist,2020,JR,225.65,189.15,,,,,,,0,0
Emilie Hunter,West Florida,2020,FR,223.20,193.80,,,,,,,0,0
Emily Bolt,Davenport,2020,FR,218.75,182.95,,,,,,,0,0
Carson Bronnenberg,West Florida,2020,SR,217.80,169.00,,,,,,,0,0
Mia Teifer,Wayne State,2020,SR,213.75,189.40,,,,,,,0,0
Shannon McCabe,West Chester,2020,SO,212.25,154.45,,,,,,,0,0
Taylor Seilheimer,Lindenwood,2020,SO,211.45,183.95,,,,,,,0,0
Jamie Kimble,Northern Michigan,2020,SR,210.85,182.80,,,,,,,0,0
Jasmyn Cheng,UCSD,2020,SO,207.15,207.30,,,,,,,0,0
Gillian Pratt,Delta State,2020,SO,205.45,196.25,,,,,,,0,0
Shannon O'Hara,West Chester,2020,FR,204.00,187.05,,,,,,,0,0
isabella Perez,UCSD,2020,FR,201.10,174.65,,,,,,,0,0
Nadia Mulder,West Chester,2020,SR,198.15,217.65,,,,,,,0,0
Mariah Hagerty,Maryville,2020,SR,194.50,193.90,,,,,,,0,0
Alyssa Doherty,St. Cloud,2020,JR,191.45,219.15,,,,,,,0,0
Caitlyn Canadi,McKendree,2020,JR,191.35,133.10,,,,,,,0,0
Skyler Nenadich,Adelphi,2020,FR,189.65,,,,,,,,0,0
Megan LaFolletter,Saginaw Valley,2020,JR,186.45,189.20,,,,,,,0,0
Lacey Mirandette,Davenport,2020,FR,184.75,179.55,,,,,,,0,0
Lilia Deoliveirapelaez,McKendree,2020,SO,184.15,153.05,,,,,,,1,0
Heather Hutchinson,Fresno Pacfic,2020,SO,180.55,152.80,,,,,,,0,0
Caroline Logozzo,Bentley,2020,SR,180.10,178.20,,,,,,,0,0
Mary Huminski,Bentley,2020,FR,178.45,134.00,,,,,,,0,0
Madelina Prusinowski,Delta State,2020,FR,159.70,186.45,,,,,,,0,0
Anna Harris,Oklahoma Baptist,2020,FR,157.85,,,,,,,,0,0
Ryann Driscoll,Bentley,2020,JR,154.30,137.15,,,,,,,0,0
Christina Sather,Clarion,2019,SR,274.45,259.75,431.90,,447.30,496.90,,515.60,0,1
Cassandra Kury,Uindy,2019,SO,270.40,237.35,441.60,,426.55,417.35,,,0,1
Mikayla Karasek,Grand Valley,2019,JR,264.95,268.15,451.25,,447.25,473.25,,461.75,0,1
Nadia Mulder,West Chester,2019,JR,263.25,274.25,441.40,,467.75,446.55,,459.00,0,1
Brittany Dixon,Colorado Mesa,2019,JR,256.10,239.00,408.95,,,456.90,,453.60,0,1
Emma Kehn,Clarion,2019,JR,252.85,262.15,423.75,,455.05,450.45,,479.20,0,1
Mia Teifer,Wayne State,2019,JR,252.50,224.15,356.35,,,481.50,,496.50,0,1
Britin Thomsen,St. Cloud,2019,SR,247.15,256.85,393.05,,,445.25,,,0,1
Mary Grossman,Northern Michigan,2019,FR,243.40,261.75,408.65,,,445.15,,,0,1
Abby Smith,Colorado Mesa,2019,SR,236.80,224.15,369.30,,,428.35,,,0,1
Madison Brinkman,St. Cloud,2019,SO,232.85,248.95,362.75,,,386.45,,,0,1
Angela Probstfeld,Northern Michigan,2019,SR,230.95,239.15,392.25,,,424.55,,,0,1
Elizabeth Caird,Saginaw Valley,2019,SO,229.60,206.15,385.45,,,401.75,,,0,1
Katie Werkema,Lindenwood,2019,FR,227.10,245.20,417.20,,429.10,400.30,,,0,1
Ashley holloway,Lindenwood,2019,SR,226.90,217.95,382.90,,,439.95,,,0,1
rebekah Horejsi,St. Cloud,2019,JR,225.95,234.70,393.80,,,380.75,,,0,1
Cassidy Wright,Oklahoma Baptist,2019,SO,224.80,214.55,,,,,,,0,0
Amanda Hurchalla,Wayne State,2019,SO,222.85,250.70,422.75,,443.25,446.75,,506.80,0,1
Melia Stout,Azuza Pacfic,2019,FR,215.40,232.35,,,,,,,0,0
Natalya Skye Dahlke,Colorado Mesa,2019,SO,214.55,172.45,,,,,,,0,0
Alexandra Steinhauser,Lindenwood,2019,SR,213.90,211.10,,,,,,,0,0
Alyssa Doherty,St. Cloud,2019,SO,212.05,209.35,,,,,,,0,0
Taylor Seilheimer,Lindenwood,2019,FR,210.25,193.20,,,,,,,0,0
Annaliesa Anderson,St. Cloud,2019,SO,207.85,246.90,373.50,,,424.35,,,0,1
Sara Andrews,Delta State,2019,SO,204.30,185.30,,,,,,,0,0
Madison Arnold,Lindenwood,2019,JR,204.20,214.80,,,,,,,0,0
Jamie Kimble,Northern Michigan,2019,JR,203.90,244.40,381.70,,,415.95,,,0,1
Shannon McCabe,West Chester,2019,FR,203.70,180.35,,,,,,,0,0
Ali lange,Colorado Mesa,2019,FR,201.55,233.15,,,,,,,0,0
Jesstina Farrell,West Florida,2019,JR,199.90,208.25,,,,,,,0,0
Gillian Pratt,Delta State,2019,FR,199.65,228.00,,,,,,,0,0
Nicole Carlson,Grand Valley,2019,FR,199.25,229.90,,,,,,,0,0
Delainey Carlin,UCSD,2019,SR,194.00,214.20,,,,,,,0,0
Mariah Hagerty,Maryville,2019,JR,191.50,163.95,,,,,,,0,0
Alexis heiney,Pace,2019,SR,191.05,203.20,,,,,,,0,0
Grace Harvey,West Chester,2019,JR,190.95,177.30,,,,,,,0,0
Patricia Sullivan,UCSD,2019,SR,188.50,238.05,328.70,,,411.10,,,0,1
Jasmyn Cheng,UCSD,2019,FR,187.65,220.50,,,,,,,0,0
Carson Bronnenberg,West Florida,2019,JR,186.20,213.30,,,,,,,0,0
McKenna Webster,Azuza Pacfic,2019,SO,185.85,223.75,,,,,,,0,0
Heather Hutchinson,Fresno Pacfic,2019,FR,181.95,179.45,,,,,,,0,0
Brooke Abrantes,UCSD,2019,SR,181.30,246.65,411.90,424.20,,,,460.90,0,1
Amber Westereng,Minnesota Moorhead,2019,SR,181.20,207.00,,,,,,,0,0
Genesis Veliz,Oklahoma Baptist,2019,SR,180.40,257.65,386.20,,,,,,1,1
Mariah Constantakos,West Florida,2019,SR,160.20,218.65,,,,,,,0,0
Rachel Johns,Azuza Pacfic,2019,SR,155.05,181.15,,,,,,,0,0
Mikayla Karasek,Grand Valley,2018,SO,275.00,252.40,427.50,,461.50,439.35,,,0,1
Cassandra Kury,Uindy,2018,FR,269.55,242.30,433.00,,430.15,445.45,,468.05,0,1
Christina Sather,Clarion,2018,JR,242.10,243.65,443.85,,482.90,449.70,,477.50,0,1
Brittany Dixon,Colorado Mesa,2018,SO,241.61,235.55,417.25,,441.90,447.90,,463.30,0,1
Nadia Mulder,West Chester,2018,SO,241.50,231.20,413.75,,427.20,437.50,,,0,1
Emily Dunkerson,Cal Baptist,2018,SO,241.30,240.20,388.00,,,445.40,,470.75,0,1
Kelsey Vreeman,Colorado Mesa,2018,SO,238.95,231.00,426.85,,390.00,445.25,,472.00,0,1
Emma Kehn,Clarion,2018,SO,238.15,239.10,413.70,,,452.70,,484.60,0,1
Britin Thomsen,St. Cloud,2018,JR,236.15,218.55,429.40,,446.35,440.20,,428.00,0,1
Jamie Kimble,Northern Michigan,2018,SO,234.10,222.95,378.75,,,391.10,,,0,1
Brooke Abrantes,UCSD,2018,JR,233.20,231.00,417.45,,434.70,389.00,,,0,1
McKenna Webster,Azuza Pacfic,2018,FR,231.35,204.25,394.40,,,390.70,,,0,1
Lonie Anderson,St. Cloud,2018,SR,229.65,180.45,382.80,,,349.30,,,0,1
Ashley holloway,Lindenwood,2018,JR,227.50,178.95,386.20,,,389.10,,,0,1
Genesis Veliz,Oklahoma Baptist,2018,JR,225.30,227.60,404.20,,,460.80,,494.20,1,1
Jesstina Farrell,West Florida,2018,SO,224.90,203.20,362.50,,,399.75,,,0,1
Wilhelmina Francisco,Saginaw Valley,2018,SR,223.35,213.75,367.75,,,380.10,,,0,1
Nicole Taormina,Grand Valley,2018,SO,220.65,236.95,389.50,,,402.60,,,0,1
Delainey Carlin,UCSD,2018,JR,219.60,192.75,353.40,,,365.35,,,0,1
Alyssa Doherty,St. Cloud,2018,FR,219.40,,,,,,,,0,0
Mia Teifer,Wayne State,2018,SO,212.65,219.45,399.70,,,401.35,,,0,1
Cass,Oklahoma Baptist,2018,FR,211.70,,,,,,,,0,0
Chloe Jones,Uindy,2018,JR,211.15,,,,,,,,0,0
Patricia Sullivan,UCSD,2018,JR,209.15,,,,,,,,0,0
Carson Bronnenberg,West Florida,2018,SO,208.70,,,,,,,,0,0
Sophia Howard,Pace,2018,FR,207.40,,,,,,,,0,0
Francesca Vozzola,West Florida,2018,FR,206.95,,,,,,,,0,0
Devon Larson,Grand Valley,2018,FR,204.75,,,,,,,,0,0
Annaliesa Anderson,St. Cloud,2018,FR,199.75,,,,,,,,0,0
Savannah Uhlir,Cal Baptist,2018,SO,198.20,,,,,,,,0,0
Amanda Hurchalla,Wayne State,2018,FR,198.20,236.80,382.60,,,404.50,,,0,1
Elizabeth Caird,Saginaw Valley,2018,FR,193.30,,,,,,,,0,0
Madison Brinkman,St. Cloud,2018,FR,189.85,,,,,,,,0,0
Mariah Constantakos,West Florida,2018,JR,189.45,216.35,336.15,,,357.30,,,0,1
Hannah may,Findley,2018,JR,189.10,,,,,,,,0,0
Rachel Johns,Azuza Pacfic,2018,JR,188.75,,,,,,,,0,0
Sara Andrews,Delta State,2018,FR,183.60,,,,,,,,0,0
Madison Arnold,Henderson,2018,SO,183.35,,,,,,,,0,0
Janae Jizmejian,Cal Baptist,2018,JR,183.20,,,,,,,,0,0
Caitlyn Canadi,McKendree,2018,SO,176.15,,,,,,,,0,0
Hailey Leonard,Delta State,2018,SR,166.90,,,,,,,,0,0
Rachel Bullington,Maryville,2018,SR,159.35,,,,,,,,0,0
Alicia Solis,Findley,2018,FR,151.15,,,,,,,,0,0
Monica Amaral,West Florida,2017,SR,270.95,269.90,458.75,,478.25,455.15,,505.20,1,1
Emma Kehn,Clarion,2017,FR,268.10,297.90,398.95,,403.70,420.05,,468.45,0,1
Cassi blakeman,Colorado Mesa,2017,SO,264.65,242.05,393.50,,389.40,424.75,,404.85,0,1
mikayla Karasek,Grand Valley,2017,FR,261.15,225.40,414.30,,408.85,390.15,,,0,1
Angela Probstfeld,Northern Michigan,2017,JR,260.35,289.25,387.70,,,463.80,,476.75,0,1
Lauren Skinner,Cal Baptist,2017,SR,258.70,236.45,390.40,,,422.00,,424.45,0,1
Kayla Marquardt,Grand Valley,2017,SR,251.00,221.90,406.90,,407.70,400.65,,,0,1
Christina Sather,Clarion,2017,SO,247.50,272.55,418.40,,445.40,435.85,,473.95,0,1
Mia Teifer,Wayne State,2017,FR,244.80,203.05,395.80,,414.65,373.70,,,0,1
Kelsey Vreeman,Colorado Mesa,2017,FR,237.85,194.10,374.70,,,416.40,,445.85,0,1
Brittany Dixon,Colorado Mesa,2017,FR,228.80,229.25,354.35,,,386.95,,,0,1
Shelby Werkema,Lindenwood,2017,SR,228.70,248.85,381.60,,,355.10,,,0,1
Breanne Schlenger,Cal Baptist,2017,SR,224.80,242.75,377.45,,,413.20,,,0,1
Elizabeth Rawlings,Wayne State,2017,SR,222.45,283.00,430.30,,429.45,447.00,,485.15,0,1
Morgan Brutcher,Tiffin,2017,SR,217.80,219.25,381.20,,,344.10,,,0,1
Abby Smith,Colorado Mesa,2017,SO,217.30,192.70,317.25,,,354.65,,,0,1
Nadia Mulder,West Chester,2017,FR,216.95,266.95,380.50,,,388.20,,,0,1
Erica Allor,Grand Valley,2017,SO,211.30,243.30,343.50,,,407.85,,,0,1
Brooke Abrantes,UCSD,2017,SO,209.45,247.30,355.00,,,387.50,,,0,1
Ashley holloway,Lindenwood,2017,SO,207.75,199.30,,,,,,,0,0
Casey moore,Delta State,2017,FR,205.25,,,,,,,,0,0
Lindsey Pope,West Chester,2017,FR,204.20,238.40,348.70,,,379.55,,,0,1
Holly Krill,Wayne State,2017,SR,202.50,222.00,,,,,,,0,0
Kianna Mourer,Azuza Pacfic,2017,JR,198.90,235.30,369.40,,,404.80,,,0,1
Jamie Kimble,Northern Michigan,2017,FR,198.30,220.20,,,,,,,0,0
Rachel Johns,Azuza Pacfic,2017,SO,197.05,190.30,,,,,,,0,0
Lauren hake,Minnesota Mankato,2017,FR,192.70,203.10,,,,,,,0,0
Tiffany Wong,UCSD,2017,FR,192.15,207.55,,,,,,,0,0
Lonie Anderson,St. Cloud,2017,JR,190.85,221.75,,,,,,,0,0
Wilhelmina Francisco,Saginaw Valley,2017,JR,188.45,228.25,,,,,,,0,0
Mariah Constantakos,West Florida,2017,SO,188.20,228.95,304.50,,,388.75,,,0,1
Jaycie Klein,Minnesota Mankato,2017,FR,183.60,202.85,,,,,,,0,0
Hailey Leonard,Delta State,2017,JR,182.00,208.35,,,,,,,0,0
Meg Zets,West Florida,2017,SR,175.50,202.40,,,,,,,0,0
Nicki De Vries,Nebraska Kearney,2017,SR,167.95,174.55,,,,,,,0,0
Stefany Busch,Colorado State Pueblo,2017,JR,142.90,,,,,,,,0,0
Patricia Sullivan,UCSD,2017,SO,137.65,184.80,,,,,,,0,0
Delainey Carlin,UCSD,2017,SO,113.55,187.40,,,,,,,0,0
Jessica Anderson,Western Colorado,2017,SR,103.45,,,,,,,,0,0
Mackenzie Blomquist,Delta State,2017,FR,101.90,,,,,,,,0,0
Molly Kearney,Northern Michigan,2016,SR,279.75,276.20,454.50,,459.70,453.40,,436.55,0,1
Monica Amaral,West Florida,2016,JR,271.90,288.30,484.70,,494.90,514.00,,550.20,1,1
Tatiana kurach,Henderson,2016,FR,263.85,293.25,463.80,,396.05,443.55,,,1,1
Alex Geddis,Wayne State,2016,SR,262.70,274.30,444.60,,,436.80,,,0,1
Shelby Werkema,Lindenwood,2016,JR,262.20,206.90,430.40,,,455.30,,434.90,0,1
Elizabeth Rawlings,Wayne State,2016,JR,261.60,253.40,428.35,,,491.45,,427.25,0,1
Noelle Melani,Clarion,2016,SR,259.60,278.95,417.30,,,,,,0,1
Morgan Brutcher,Tiffin,2016,JR,256.65,,458.15,,463.65,,,,0,1
Anna Barry,Grand Valley,2016,JR,254.15,231.00,443.40,,,402.45,,,0,1
Wilhelmina Francisco,Saginaw Valley,2016,SO,253.60,246.25,416.90,,,426.65,,,0,1
Carleen Wayne,Lindenwood,2016,SR,252.25,240.60,449.55,,462.95,426.55,,,0,1
Lauren Skinner,Cal Baptist,2016,JR,252.20,242.70,423.80,,,420.85,,,0,1
Cassi blakeman,Colorado Mesa,2016,FR,251.60,260.90,451.80,,450.85,411.30,,,0,1
Kayla Marquardt,Grand Valley,2016,JR,250.45,220.55,453.15,,454.50,441.95,,,0,1
Angela Probstfeld,Northern Michigan,2016,SO,250.35,254.40,420.80,,,407.35,,,0,1
Taylor Wiercinski,Grand Valley,2016,SR,249.55,291.90,466.55,,491.60,491.15,,522.25,0,1
Breanne Schlenger,Cal Baptist,2016,JR,248.80,214.50,410.45,,,430.25,,,0,1
Lauren Slayton,Clarion,2016,JR,248.10,259.00,431.90,,,432.85,,,0,1
Nicola Mancini,Bentley,2016,SR,247.55,288.15,409.75,,,444.40,,471.30,0,1
Sarah Zerfoss,Clarion,2016,SR,247.15,280.95,431.90,,,481.75,,472.70,0,1
Josephine Mckee,West Florida,2016,SR,246.80,243.50,,,,,,,0,0
Emily Pascavis,Minnesota Moorhead,2016,SR,245.55,242.35,,,,,,,0,0
Rebekah laupp,Drury,2016,SR,245.40,275.10,411.85,,,441.15,,,0,1
Britin Thomsen,St. Cloud,2016,SO,245.20,211.60,,,,,,,0,0
Christina Sather,Clarion,2016,FR,244.95,287.30,441.10,,,471.35,,472.15,0,1
Holly Krill,Wayne State,2016,JR,243.10,237.40,,,,,,,0,1
Ashly,Lindenwood,2016,FR,236.35,194.45,,,,,,,0,0
Kathleen Murphy,Saginaw Valley,2016,SO,236.35,247.10,,,,,,,0,0
Jana Hedstrom,Minnesota Moorhead,2016,SR,236.20,232.25,,,,,,,0,0
Madison tanis,Findley,2016,FR,232.50,225.95,,,,,,,0,0
Brooke Abrantes,UCSD,2016,FR,230.10,197.30,,,,,,,0,0
Lonie Anderson,St. Cloud,2016,SO,227.00,188.40,,,,,,,0,0
Kianna Mourer,Azuza Pacfic,2016,SO,226.45,233.90,,,,,,,0,0
Marissa Constantakos,West Florida,2016,FR,223.95,220.90,,,,,,,0,0
Haley Boland,Southern Connecticut State,2016,SO,220.50,154.95,,,,,,,0,0
Alexandra Steinhauser,Lindenwood,2016,FR,219.25,166.00,,,,,,,0,0
Courtney Stone,Bentley,2016,SR,217.80,193.45,,,,,,,0,0
Mariah Constantakos,West Florida,2016,FR,216.25,211.00,,,,,,,0,0
Meg Zets,West Florida,2016,JR,214.55,217.80,,,,,,,0,0
Rachel Johns,Azuza Pacfic,2016,FR,210.75,186.00,,,,,,,0,0
Amber Armstrong,St. Cloud,2016,SO,205.50,228.10,,,,,,,0,0
Patricia Sullivan,UCSD,2016,FR,196.05,216.35,,,,,,,0,0
Allyson Cohen,UCSD,2016,SR,185.35,198.45,,,,,,,0,0
Molly Kearney,Northern Michigan,2015,JR,265.75,255.75,424.05,,444.75,470.00,,442.75,0,1
Elizabeth Rawlings,Wayne State,2015,SO,263.05,273.85,474.00,,499.40,515.75,,555.70,0,1
Taylor Wiercinski,Grand Valley,2015,JR,260.40,281.65,460.65,,488.40,505.85,,521.30,0,1
Breanne Schlenger,Cal Baptist,2015,SO,254.45,248.20,424.15,,429.85,430.40,,,0,1
Kristin Day,Clarion,2015,SR,250.90,286.45,491.30,,506.85,526.95,,412.20,0,1
Lauren Skinner,Cal Baptist,2015,SO,249.60,227.35,398.50,,,408.65,,,0,1
Monica Amaral,West Florida,2015,SO,242.70,277.30,461.80,,490.80,485.55,,530.65,1,1
Kayla Marquardt,Grand Valley,2015,SO,241.45,233.35,400.50,,,421.35,,,0,1
Anna Barry,Grand Valley,2015,SO,235.65,217.05,398.55,,,423.65,,,0,1
Emily Pascavis,Minnesota Moorhead,2015,JR,234.20,193.85,398.00,,,393.15,,,0,1
Morgan Brutcher,Tiffin,2015,SO,227.40,,419.35,,,N/A,,,0,1
Sarah Zerfoss,Clarion,2015,JR,222.95,271.75,458.55,,468.35,480.00,,497.10,0,1
Alex Geddis,Lindenwood,2015,JR,221.05,235.70,388.65,,,399.10,,,0,1
Carleen Wayne,Wayne State,2015,JR,221.05,266.70,411.25,,,462.25,,465.00,0,1
Lauren Slayton,Clarion,2015,SO,218.85,247.35,421.50,,,456.65,,,0,1
Holly Krill,Wayne State,2015,SO,218.55,246.85,367.05,,,404.20,,,0,1
Kianna Mourer,Azuza Pacfic,2015,FR,215.75,229.35,383.45,,,424.85,,,0,1
Josephine Mckee,West Florida,2015,JR,203.60,237.00,369.00,,,420.60,,,0,1
Paige Wilde,Bentley,2015,SR,202.15,210.00,,,,,,,0,0
Elizabeth Durward,Simon Fraser,2015,JR,200.55,237.90,401.15,,,402.90,,,1,1
Amanda jennings,Colorado Mesa,2015,SR,194.30,262.95,423.70,,444.75,445.25,,,0,1
Kathleen Murphy,Saginaw Valley,2015,FR,193.20,,,,,,,,0,0
Ashleigh Weddington,Findley,2015,SR,192.45,247.60,358.30,,,426.15,,,0,1
Meg Zets,West Florida,2015,SO,187.65,232.25,,,,,,,0,0
Shelby Werkema,Lindenwood,2015,SO,174.75,200.60,,,,,,,0,0
Hailey Leonard,Delta State,2015,SO,171.95,210.75,,,,,,,0,0
Nicole Gilbert,Grand Valley,2015,SR,171.95,213.15,,,,,,,0,0
Amanda Groebner,Minnesota Moorhead,2015,SO,169.85,189.15,,,,,,,0,0
Rebekah laupp,Drury,2015,JR,168.00,267.00,400.35,,,491.25,,496.90,0,1
Hailey Viehmann,Azuza Pacfic,2015,FR,164.95,211.30,,,,,,,0,0
Sophia Garris,Northern Michigan,2015,SR,150.90,232.15,,,,,,,0,0
Natelie Todd,UIndy,2015,JR,135.00,189.40,,,,,,,0,0
Paige Kortman,Wayne State,2014,SR,264.50,286.90,427.45,,466.85,473.45,,486.45,0,1
Taylor Wiercinski,Grand Valley,2014,SO,263.95,281.30,470.80,,466.10,465.70,,472.50,0,1
Elizabeth Rawlings,Wayne State,2014,FR,257.60,252.45,427.95,,436.20,469.25,,481.85,0,1
Alex Geddis,Wayne State,2014,SO,252.15,238.95,442.25,,438.75,447.25,,471.10,0,1
Kristin Day,Clarion,2014,JR,251.15,297.75,475.10,,497.05,504.10,,539.35,0,1
Kelsey Jandro,Minnesota Moorhead,2014,SR,248.65,209.25,391.05,,,386.75,,,0,1
Nicola Mancini,Bentley,2014,SO,247.05,262.75,438.70,,453.70,456.50,,469.85,0,1
Lauren Slayton,Clarion,2014,SR,242.15,268.00,422.30,,,439.50,,,0,1
Katie Vulpetti,Grand Valley,2014,SR,239.00,,400.90,,,N/A,,,0,1
Sarah Zerfoss,Clarion,2014,SO,238.05,266.65,442.60,,460.65,477.55,,475.00,0,1
Shelby Werkema,Lindenwood,2014,FR,237.55,222.40,415.50,,,406.70,,,0,1
Mary Rabe,St. Cloud,2014,SR,237.20,221.65,407.70,,,410.70,,,0,1
Rebekah laupp,Drury,2014,SO,236.45,235.00,366.90,,,454.70,,446.70,0,1
Amanda jennings,Colorado Mesa,2014,JR,234.40,256.50,409.95,,,447.10,,,0,1
Molly Kearney,Northern Michigan,2014,SO,232.25,238.60,439.80,,447.60,436.80,,,0,1
Carleen Wayne,Lindenwood,2014,SO,232.10,240.50,406.85,,,373.90,,,0,1
Lauren Skinner,Cal Baptist,2014,FR,231.35,218.55,403.05,,,384.50,,,0,1
Victoria Raihle,St. Cloud,2014,JR,230.50,170.85,,,,,,,0,0
Kayla Marquardt,Grand Valley,2014,FR,230.15,225.60,398.70,,,402.50,,,0,1
Ashleigh Weddington,Findley,2014,JR,229.40,232.45,391.10,,,396.20,,,0,1
Shayna Dugger,Minnesota Moorhead,2014,SR,226.90,228.15,383.95,,,403.75,,,0,1
Emily Mcintire,St. Cloud,2014,SR,224.30,207.50,,,,,,,0,0
Rachael Lacroix,Wayne State,2014,SR,224.05,,,,,,,,0,0
Breanne Schlenger,Cal Baptist,2014,FR,221.60,155.65,,,,,,,0,0
Holly Krill,Wayne State,2014,FR,220.20,225.60,362.90,,,402.65,,,0,1
Anna Barry,Grand Valley,2014,FR,215.55,236.70,389.55,,,385.25,,,0,1
Elizabeth Durward,Simon Fraser,2014,SO,215.25,201.85,,,,,,,0,0
Jennifer Palladino,Pace,2014,SO,214.75,215.70,,,,,,,0,0
Miranda King,Cal Baptist,2014,SR,210.60,198.80,,,,,,,0,0
Jess Renzo,Southern Connecticut State,2014,JR,210.15,229.70,386.50,,,413.75,,,0,1
Josephine Mckee,West Florida,2014,SO,210.15,217.25,,,,,,,0,0
Savannah Craft,Colorado Mesa,2014,JR,207.55,220.15,,,,,,,0,0
Melissa Ashwood,Colorado School of Mines,2014,SR,207.10,212.60,,,,,,,0,0
Courtney Stone,Bentley,2014,SO,206.90,,,,,,,,0,0
Megan morse,Pace,2014,SR,206.05,213.30,,,,,,,0,0
Vitoria Bernardes,Pace,2014,JR,203.75,191.15,,,,,,,0,0
Meg Zets,West Florida,2014,FR,197.80,218.25,,,,,,,0,0
Allyson Cohen,UCSD,2014,JR,192.45,210.75,,,,,,,0,0
Millie Moro,Cal Baptist,2014,SR,191.30,217.40,,,,,,,0,0
Olivia Willoughby,Drury,2014,FR,189.85,199.30,,,,,,,0,0
Alexa patnaude,St. Rose,2014,JR,184.35,216.00,,,,,,,0,0
Laura Richard,Southern Connecticut State,2014,SR,176.50,201.95,,,,,,,0,0
Paige Kortman,Wayne State,2013,JR,278.55,263.30,435.00,,468.60,473.95,,515.25,0,1
Kristin Day,Clarion,2013,SO,273.45,281.10,430.60,,449.90,473.60,,491.70,0,1
Taylor Wiercinski,Grand Valley,2013,FR,266.85,244.90,427.20,,443.70,448.60,,482.10,0,1
Victoria Raihle,St. Cloud,2013,SR,250.35,210.90,378.90,,,420.65,,445.30,0,1
Lauren Slayton,Clarion,2013,JR,248.55,225.90,394.65,,,392.00,,,0,1
Courtney Wilder,Uindy,2013,FR,247.50,229.25,380.95,,,,,,0,1
Kali Lents,Incarnate Word,2013,SO,245.60,257.25,410.60,,452.45,469.00,,519.10,0,1
Jasmin Ramahi,Grand Valley,2013,SR,244.30,232.50,365.80,,,379.85,,,0,1
Laurel Bartholomew,Drury,2013,SR,241.50,215.80,390.60,,,423.35,,436.25,0,1
Katie Vulpetti,Grand Valley,2013,JR,238.50,244.90,382.25,,,418.65,,,0,1
Mary Rabe,St. Cloud,2013,JR,237.05,212.00,388.60,,,364.60,,,0,1
Amanda jennings,Colorado Mesa,2013,SO,236.80,240.40,382.25,,,395.85,,,0,1
Emily Mitzelfeld,Wayne State,2013,SR,234.35,220.75,402.05,,,415.80,,,0,1
Shelly D'aleo,Bentley,2013,SR,233.90,,352.95,,,,,,0,1
Carly Sevald,Wayne State,2013,SR,233.30,240.15,447.80,,451.40,454.75,,478.85,0,1
Michelle Heinemann,West Chester,2013,JR,230.00,224.55,366.90,,,368.25,,,0,1
Molly Kearney,Northern Michigan,2013,FR,228.65,265.45,422.35,,452.35,468.40,,472.60,0,1
Alex Geddis,Wayne State,2013,FR,228.40,239.55,393.90,,,404.85,,,0,1
Nicola Mancini,Bentley,2013,FR,228.20,222.75,417.05,,418.65,403.45,,,0,1
Gillian mcLean,Wingate,2013,SO,224.75,218.00,,,,,,,0,0
Sarah Zerfoss,Clarion,2013,FR,224.45,252.60,411.70,,425.55,414.00,,,0,1
Rachael Lacroix,Wayne State,2013,JR,223.35,183.25,,,,,,,0,0
Shayna Dugger,Minnesota Moorhead,2013,JR,220.35,218.10,,,,,,,0,0
Kelsey Tennett,West Chester,2013,SR,218.80,229.80,372.05,,,385.65,,,0,1
Jennifer Palladino,Pace,2013,FR,216.05,207.80,,,,,,,0,0
Jess renzo,Southern Connecticut State,2013,SO,215.15,219.30,,,,,,,0,0
Savannah Craft,Colorado Mesa,2013,SO,214.40,190.30,,,,,,,0,0
Kelsey Jandro,Minnesota Moorhead,2013,JR,207.25,210.55,,,,,,,0,0
Paige Wilde,Bentley,2013,SO,206.00,190.80,,,,,,,0,0
Michelle Murphy,West Chester,2013,SR,201.80,242.20,347.00,,,392.50,,,0,1
Ashley thomas,Southern Connecticut State,2013,SR,199.15,212.00,,,,,,,0,0
Abigail Mathews,Bentley,2013,SR,197.50,,,,,,,,0,0
Emily Mcintire,St. Cloud,2013,JR,197.45,214.35,,,,,,,0,0
Emily Haddox,Incarnate Word,2013,JR,195.10,107.05,,,,,,,0,0
Alexa patnaude,St. Rose,2013,SO,190.50,203.95,,,,,,,0,0
Rebekah laupp,Drury,2013,FR,189.20,210.55,,,,,,,0,0
Madeline Bell,Findley,2013,SR,188.35,,,,,,,,0,0
Ashleigh Weddington,Findley,2013,SO,187.80,185.20,,,,,,,0,0
Victoria Bernardes,Pace,2013,SO,186.60,173.60,,,,,,,0,0
Stephanie Voltz,Incarnate Word,2013,SR,160.65,,,,,,,,0,0
Laura Richard,Southern Connecticut State,2013,JR,142.45,180.95,,,,,,,0,0
Jennifer Root,Grand Valley,2012,SR,285.15,,457.35,,486.85,N/A,,,0,1
Karen verbrugge,Grand Valley,2012,SR,279.45,257.20,468.25,,502.65,481.65,,447.20,0,1
Paige Kortman,Wayne State,2012,SO,270.05,248.10,454.70,,462.35,434.25,,477.70,0,1
Kristin Day,Clarion,2012,FR,267.75,294.55,458.45,,495.70,467.10,,484.75,0,1
Carly Sevald,Wayne State,2012,JR,266.50,270.10,468.10,,496.95,499.25,,503.40,0,1
Katie Vulpetti,Grand Valley,2012,SO,254.65,363.55,405.45,,,427.05,,427.65,0,1
Lindsey Taylor,Wingate,2012,SO,249.35,251.00,498.85,,506.95,453.95,,449.30,0,1
Michelle Murphy,West Chester,2012,JR,246.55,258.40,388.75,,,398.25,,,0,1
Brooke Lera,Colorado Mesa,2012,FR,243.95,221.75,432.00,,,400.70,,,0,1
Victoria Raihle,St. Cloud,2012,SO,237.35,251.15,434.55,,,423.80,,,0,1
Allison Tracy,St. Cloud,2012,SR,235.25,237.30,437.00,,,407.00,,,0,1
Amanda Burden,Southern Connecticut State,2012,SR,232.25,260.05,422.85,,,391.40,,,0,1
Laurel Bartholomew,Drury,2012,JR,229.65,256.45,459.00,,479.05,335.35,,,0,1
Michelle Heinemann,West Chester,2012,SO,229.55,214.05,403.45,,,361.10,,,0,1
Emily Mitzelfeld,Wayne State,2012,JR,226.60,251.80,473.20,,455.15,431.65,,416.60,0,1
Madeline Bell,Findley,2012,JR,225.45,,405.30,,,N/A,,,0,1
Amanda jennings,Colorado Mesa,2012,FR,220.20,232.95,355.60,,,319.05,,,0,1
Mary Rabe,St. Cloud,2012,SO,218.35,206.25,402.50,,,379.65,,,0,1
Kelsey Tennett,West Chester,2012,JR,217.75,249.00,445.45,,,424.25,,,0,1
Megahan Shea,Le Moyne,2012,SR,217.40,216.40,,,,,,,0,0
Chelsey Bethke,St. Cloud,2012,SR,212.90,223.00,428.40,,,424.65,,442.85,0,1
Sarah Moore,Colorado School of Mines,2012,SR,209.35,224.65,418.25,,,409.10,,,0,1
Emily Rapuano,Southern Connecticut State,2012,SR,206.20,206.10,,,,,,,0,0
Paige Wilde,Bentley,2012,FR,201.15,170.65,,,,,,,0,0
Savannah Craft,Colorado Mesa,2012,FR,200.20,175.90,,,,,,,0,0
Shayna Dugger,Minnesota Moorhead,2012,SO,197.75,206.40,,,,,,,0,0
Emily Haddox,Incarnate Word,2012,SO,197.00,215.15,,,,,,,0,0
Caitlin Cavert,Henderson,2012,SR,196.70,,,,,,,,0,0
Kelsey Jandro,Minnesota Moorhead,2012,SO,192.30,225.25,388.10,,,341.10,,,0,1
Kayla kelosky,Clarion,2011,SR,313.25,239.55,470.50,,511.15,472.75,,481.70,0,1
Karen verbrugge,Grand Valley,2011,JR,290.65,223.00,473.00,,489.60,420.35,,429.70,0,1
Jennifer Root,Grand Valley,2011,JR,276.15,204.95,413.15,,429.95,423.90,,474.55,0,1
Lindsey Taylor,Wingate,2011,FR,257.20,264.00,402.60,,456.05,451.50,,470.85,0,1
Paige Kortman,Wayne State,2011,FR,250.55,238.10,409.40,,431.10,385.10,,,0,1
Carly Sevald,Wayne State,2011,SO,246.05,252.25,401.20,,419.50,428.00,,444.20,0,1
Cassi Mrozek,St. Cloud,2011,SR,243.85,221.10,377.95,,,357.65,,,0,1
Emily Mitzelfeld,Wayne State,2011,SO,242.15,245.60,369.45,,,384.75,,,0,1
Rachel Strom,Grand Valley,2011,SR,241.90,250.75,398.65,,397.05,405.50,,471.00,0,1
Cassandra Chetosky,Wayne State,2011,SR,239.30,236.00,411.35,,433.45,439.25,,452.05,0,1
Kim Ogden,Clarion,2011,SR,238.05,215.00,378.35,,,394.95,,410.60,0,1
Janel Duffy ,Minnesota Mankato,2011,SR,234.05,195.45,394.85,,,373.50,,,0,1
Katie Vulpetti,Grand Valley,2011,FR,233.30,215.60,378.05,,,353.50,,,0,1
Kelli Vander Baan,Northern Michigan,2011,SR,232.00,194.15,379.55,,,378.25,,,0,1
Allison Tracy,St. Cloud,2011,JR,228.60,191.35,389.10,,,351.95,,,0,1
Michelle Murphy,West Chester,2011,SO,227.45,215.75,322.55,,,357.70,,,0,1
Kelsey Tennett,West Chester,2011,SO,223.45,216.75,381.15,,,370.30,,,0,1
Sarah Moore,Colorado School of Mines,2011,JR,222.95,,,,,,,,0,0
Jennifer Rodriguez,Henderson,2011,SR,219.75,200.20,,,,,,,0,0
Dianna Rocco,Gannon,2011,JR,217.85,234.95,392.10,,,372.25,,,0,1
Amanda Burden,Southern Connecticut State,2011,JR,212.35,218.50,357.70,,,367.90,,,0,1
Manda Schulte,Nebraska Omaha,2011,JR,209.35,184.80,,,,,,,0,0
Jasmine Ramahi,Grand Valley,2011,SO,208.20,199.05,,,,,,,0,0
Dana Depaul,West Chester,2011,SR,201.15,199.90,,,,,,,0,0
Shayna Dugger,Minnesota Moorhead,2011,FR,198.80,181.15,,,,,,,0,0
Kelsey jandro,Minnesota Moorhead,2011,FR,195.75,187.30,,,,,,,0,0
Shelly D'aleo,Bentley,2011,SO,192.75,,,,,,,,0,0
Meghan jaworski,Wayne State,2011,SR,190.65,210.25,336.10,,,353.55,,,0,1
Madeline Bell,Findley,2011,SO,190.45,,,,,,,,0,0
Emily Haddox,Incarnate Word,2011,FR,173.15,,,,,,,,0,0
Meghan Shea,Le Moyne,2011,JR,169.50,167.75,,,,,,,0,0
Bethany Pollock,Minnesota Moorhead,2011,FR,164.10,168.85,,,,,,,0,0
Lauren Sasso,Southern Connecticut State,2011,SR,160.65,170.10,,,,,,,0,0
Jessica Wilde,Incarnate Word,2011,JR,159.60,,,,,,,,0,0
Emily Travers,Bentley,2011,SR,158.20,203.70,304.50,,,299.60,,,0,1
Abigail Mathews,Bentley,2011,SO,157.20,,,,,,,,0,0
